Slide,Number,Comment,   SiO2  ,   MgO   ,   CaO   ,   Nd2O3 ,   Ce2O3 ,   La2O3 ,   Y2O3  ,   Pr2O3 ,   Gd2O3 ,   Eu2O3 ,   Al2O3 ,   F     ,   Sm2O3 ,   FeO   ,   MnO   ,   TiO2  ,   Cl    ,   Na2O  ,   K2O   ,  Total  ,Si_T,Al_T,Sum_T,Al_M,Ti_M,Cr_M,Fe_M,Mn_M,Mg_M,M_Sum,Ca_I,Na_I,K_I,Ba_I,Total_Cations,F_A,Cl_A,OH_A,XAlcel,XFeAlcel,Xprl,Xmrg,Xpg,Xms,XTriOct,Xphl,Xann,Xeas,Xsid,XDiOct,,,,,
EDC01,53,EDC01 36 EDC01-small_bt-36 ,38.033,17.247,0.023,0.026,0.062,0,0.049,0.068,0,0,12.295,1.708,0,13.23,0.071,1.76,0.361,0.112,10.186,94.431,2.907011466,1.092988534,4,0.014558588,0.101203129,0,0.845679692,0.004596458,1.965183838,2.931221705,0.001883553,0.016597444,0.993215727,0,7.942918429,0.412874208,0.046765839,1.540359953,0.048085576,0.020692718,0,0,0,0,0.931221705,0.590512765,0.254115999,0.060540488,0.026052454,0.068778295,,,,,
EDC01,55,EDC01 38 EDC01-small_bt-38 ,38.486,17.482,0.059,0.148,0,0,0.032,0.075,0.001,0,12.48,1.657,0,13.21,0.074,1.798,0.359,0.053,10.123,95.258,2.909940351,1.090059649,4,0.022039262,0.102274205,0,0.835302969,0.004739056,1.970497491,2.934852983,0.004779661,0.007769521,0.976437168,0,7.923839333,0.396230174,0.046005646,1.55776418,0.045752374,0.019394642,0,0,0,0,0.934852983,0.597413933,0.25324652,0.059127929,0.025064602,0.065147017,,,,,
EDC01,57,EDC01 40 EDC01-big_bt-40 ,38.622,18.269,0.007,0.029,0,0,0,0.106,0.025,0.004,12.45,1.858,0.09,12.55,0.048,1.46,0.36,0.126,10.231,95.372,2.912344352,1.087655648,4,0.018776625,0.082823949,0,0.79142832,0.003065688,2.053648913,2.949743495,0.000565548,0.0184211,0.984191939,0,7.952922082,0.443095562,0.046009322,1.510895116,0.03627642,0.013980085,0,0,0,0,0.949743495,0.625456708,0.241036405,0.060092237,0.023158144,0.050256505,,,,,
EDC01,58,EDC01 41 EDC01-big_bt-41 ,38.85,18.395,0.018,0,0.028,0.027,0,0.053,0,0,12.336,1.834,0,12.241,0.049,1.447,0.358,0.122,10.172,95.077,2.926819409,1.073180591,4,0.022103507,0.082010328,0,0.771226062,0.003126654,2.065894572,2.944361122,0.001452918,0.017819757,0.97760859,0,7.941242388,0.436966316,0.045711271,1.517322412,0.040514335,0.015124543,0,0,0,0,0.944361122,0.637328841,0.237923376,0.05032275,0.018786155,0.055638878,,,,,
EDC01,59,EDC01 42 EDC01-big_bt-42 ,38.325,17.342,0.002,0.037,0.024,0.046,0,0.106,0.01,0,12.223,1.796,0.024,13.435,0.059,1.792,0.354,0.112,10.145,94.996,2.913959898,1.086040102,4,0.009243883,0.102502516,0,0.854277512,0.00379955,1.965640302,2.935463763,0.000162928,0.016510357,0.984027449,0,7.936164497,0.431868437,0.045618399,1.522513164,0.044985364,0.019550873,0,0,0,0,0.935463763,0.595966305,0.25901006,0.056104214,0.024383184,0.064536237,,,,,
EDC01,60,EDC01 43 EDC01-big_bt-43 ,38.986,18.058,0,0,0.048,0,0,0.169,0.013,0.051,12.119,1.762,0,13.044,0.049,1.735,0.362,0.09,10.253,95.915,2.927196985,1.0724019,3.999598885,0,0.09800266,0,0.81905668,0.003116148,2.021232992,2.941408481,0,0.013101554,0.982082523,0,7.936191444,0.41840118,0.046066711,1.535532108,0.041695434,0.016896085,0,0,0,0,0.941408481,0.621160543,0.251710562,0.048773196,0.01976418,0.058591519,,,,,
EDC01,61,EDC01 44 EDC01-big_bt-44 ,38.498,17.869,0.012,0,0,0,0.032,0.019,0,0.015,12.264,1.834,0.065,12.949,0.058,1.581,0.362,0.13,10.167,95.001,2.916599464,1.083400536,4,0.011609966,0.090108468,0,0.820417188,0.003721735,2.018098369,2.943955726,0.000974055,0.019094972,0.9826191,0,7.946643853,0.439421883,0.04648176,1.514096357,0.039845777,0.016198497,0,0,0,0,0.943955726,0.615151769,0.250077544,0.055972089,0.022754324,0.056044274,,,,,
EDC29B,99,EDC29B 27 EDC29B-big_cpx-27 ,37.252,16.424,0.008,0.111,0,0.017,0.017,0.068,0,0.008,13.579,1.952,0,15.813,0.163,0.879,0.342,0.079,9.48,95.293,2.849393062,1.150606938,4,0.07349638,0.050580924,0,1.011525732,0.010560128,1.872773104,3.018936267,0.000655626,0.011715664,0.92504926,0,7.956356817,0.472200353,0.04433679,1.483462857,-0.012295304,-0.006640963,0,0,0,0,1.018936267,0.561953834,0.303523562,0.099640732,0.05381814,-0.018936267,,,,,
EDC29B,102,EDC29B 30 EDC29B-big_bt-30 ,38.222,17.01,0.112,0.027,0,0,0.004,0.088,0,0.02,12.642,2.353,0.061,14.81,0.156,0.764,0.362,0.074,10.144,95.776,2.910040893,1.089959107,4,0.04439589,0.043759682,0,0.942975997,0.010059794,1.930605133,2.971796495,0.009136239,0.010923315,0.985255071,0,7.97711112,0.56656708,0.046712125,1.386720795,0.018948423,0.009255082,0,0,0,0,0.971796495,0.594163856,0.290210694,0.058734119,0.028687826,0.028203505,,,,,
EDC29B,76,EDC29B 1 EDC29B-bt_in_cluster-1 ,37.985,16.314,0,0,0.021,0.003,0.041,0.014,0,0.037,13.451,2.351,0,14.938,0.155,0.914,0.384,0.098,10.264,95.893,2.887394159,1.112605841,4,0.092419096,0.052267924,0,0.949612219,0.0099794,1.848663472,2.95294211,0,0.014442988,0.995323689,0,7.962708787,0.565184571,0.049472122,1.385343307,0.031088503,0.015969387,0,0,0,0,0.95294211,0.558663689,0.286971573,0.070891603,0.036415245,0.04705789,,,,,
EDC29B,77,EDC29B 2 EDC29B-bt_in_cluster-2 ,37.88,16.425,0,0.036,0.027,0,0,0.15,0,0,13.334,2.317,0.004,14.723,0.146,0.884,0.374,0.087,10.395,95.722,2.887614606,1.112385394,4,0.085560571,0.050696344,0,0.938610629,0.009426726,1.86654342,2.95083769,0,0.012858359,1.010898397,0,7.974594445,0.558597541,0.048321035,1.393081424,0.032712495,0.016449816,0,0,0,0,0.95083769,0.561580746,0.282396676,0.071104591,0.035755677,0.04916231,,,,,
EDC29B,78,EDC29B 3 EDC29B-bt_in_cluster-3 ,38.174,16.557,0.034,0.07,0.009,0,0,0.07,0.018,0.077,13.528,2.24,0,14.915,0.157,0.844,0.41,0.116,10.283,96.466,2.885420405,1.114579595,4,0.090518896,0.047993121,0,0.942810875,0.010051245,1.865634384,2.957008521,0.002753494,0.016999512,0.991550915,0,7.968312443,0.53546757,0.052524346,1.412008083,0.028558997,0.014432481,0,0,0,0,0.957008521,0.562893074,0.284461798,0.072842302,0.036811347,0.042991479,,,,,
EDC29B,79,EDC29B 4 EDC29B-bt_in_cluster-4 ,37.728,16.29,0,0.006,0,0,0,0.092,0,0,13.221,2.384,0.029,14.965,0.164,0.875,0.372,0.087,10.324,95.449,2.88695554,1.11304446,4,0.079262656,0.050370873,0,0.957663487,0.01062916,1.858235941,2.956162118,0,0.012907217,1.007808606,0,7.97687794,0.576934207,0.048245257,1.374820537,0.028928991,0.014908892,0,0,0,0,0.956162118,0.559650763,0.288422524,0.071328737,0.036760094,0.043837882,,,,,
EDC29B,80,EDC29B 5 EDC29B-bt_in_cluster-5 ,37.746,16.181,0,0,0,0,0,0.046,0,0,13.39,2.473,0,15.338,0.143,0.906,0.385,0.113,10.366,95.959,2.877023969,1.122976031,4,0.079843968,0.051951233,0,0.977690002,0.009231821,1.838575047,2.95729207,0,0.016698906,1.007946552,0,7.981937528,0.596129188,0.049735747,1.354135065,0.027881514,0.014826416,0,0,0,0,0.95729207,0.548104995,0.291463095,0.076855114,0.040868865,0.04270793,,,,,
EDC29B,86,EDC29B 11 EDC29B-big_bt-11 ,37.73,16.194,0.039,0.046,0,0.019,0,0.111,0,0.016,13.67,2.591,0.038,15.374,0.167,0.913,0.359,0.084,10.066,96.245,2.868536542,1.131463458,4,0.093405462,0.052220313,0,0.977508076,0.010753971,1.835401894,2.969289716,0.003176888,0.012381975,0.976302187,0,7.961150766,0.622995228,0.046259763,1.330745009,0.020038222,0.010672062,0,0,0,0,0.969289716,0.549309416,0.292554122,0.083144591,0.044281587,0.030710284,,,,,
EDC29B,87,EDC29B 12 EDC29B-big_bt-12 ,38.046,16.597,0.003,0,0,0,0.036,0.068,0.013,0,13.079,2.207,0.001,15.059,0.143,0.884,0.395,0.084,10.063,95.66,2.896162345,1.103837655,4,0.069534986,0.050624562,0,0.958671747,0.009219953,1.883419022,2.97147027,0.00024468,0.012397389,0.977226254,0,7.961338594,0.531324642,0.050961988,1.41771337,0.018906305,0.009623424,0,0,0,0,0.97147027,0.576932779,0.293662297,0.066848766,0.034026429,0.02852973,,,,,
EDC29B,88,EDC29B 14 EDC29B-big_bt-14 ,37.923,16.415,0.009,0,0.029,0.02,0.026,0.082,0,0.041,13.414,2.25,0,15.01,0.145,0.94,0.389,0.089,10.316,96.063,2.880967043,1.119032957,4,0.081962666,0.053722791,0,0.953621848,0.009330016,1.859002399,2.95763972,0.000732558,0.013108791,0.999771361,0,7.97125243,0.540582333,0.050086487,1.40933118,0.027998003,0.014362277,0,0,0,0,0.95763972,0.557609349,0.286039683,0.075342081,0.038648608,0.04236028,,,,,
EDC29B,89,EDC29B 16 EDC29B-big_bt-16 ,37.869,16.242,0.015,0,0.003,0,0,0.121,0,0.005,13.344,2.107,0,14.806,0.152,1.012,0.383,0.084,10.38,95.55,2.886905066,1.113094934,4,0.085803016,0.058039584,0,0.943944166,0.009814565,1.845829705,2.943431036,0.001225191,0.012415522,1.009484776,0,7.966556524,0.507992063,0.049486052,1.442521884,0.037428365,0.019140599,0,0,0,0,0.943431036,0.553617644,0.283116121,0.070595325,0.036101946,0.056568964,,,,,
EDC08,158,EDC08#2 10 EDC08#2-bt_w_sulfide-10 ,40.626,22.449,0,0,0.036,0,0.046,0,0.012,0,12.82,1.76,0.014,5.936,0.058,1.512,0.179,0.088,10.371,95.126,2.952273621,1.047726379,4,0.050237583,0.08266077,0,0.360749992,0.003569927,2.431940811,2.929159083,0,0.012398589,0.961450502,0,7.903008174,0.404491068,0.022046565,1.573462367,0.061689936,0.009150981,0,0,0,0,0.929159083,0.770516559,0.114297125,0.038617016,0.005728383,0.070840917,,,,,
EDC08,159,EDC08#2 11 EDC08#2-bt_w_sulfide-11 ,40.506,22.309,0,0.066,0.007,0,0.015,0.066,0.046,0.028,13.094,1.695,0.019,6.068,0.026,1.54,0.172,0.074,10.422,95.4,2.940056078,1.059943922,4,0.060154308,0.084091498,0,0.368333928,0.001598411,2.413903021,2.928081166,0,0.010413699,0.965030588,0,7.903525452,0.389089655,0.02115924,1.589751105,0.062397666,0.009521168,0,0,0,0,0.928081166,0.756946919,0.115501422,0.048267724,0.007365101,0.071918834,,,,,
EDC08,160,EDC08#2 12 EDC08#2-bt_w_sulfide-12 ,40.757,22.629,0,0.041,0,0.013,0.01,0.102,0,0,13.042,1.888,0,5.968,0.063,1.466,0.176,0.076,10.363,95.759,2.944909498,1.055090502,4,0.055519187,0.079689083,0,0.360627178,0.003855574,2.437465991,2.937157013,0,0.010646831,0.955232293,0,7.903036137,0.431435084,0.021553499,1.547011417,0.054743582,0.008099405,0,0,0,0,0.937157013,0.771398815,0.114129747,0.044974411,0.006654039,0.062842987,,,,,
EDC08,164,EDC08#2 16 EDC08#2-big_bt-16 ,40.881,23.093,0.007,0.149,0.006,0,0,0.029,0.05,0.021,13.053,1.815,0,5.362,0.052,1.366,0.165,0.113,10.37,95.731,2.947278896,1.052721104,4,0.056345379,0.074087602,0,0.323285651,0.003175279,2.481895768,2.938789678,0.000540706,0.015794839,0.953744913,0,7.908870137,0.413828197,0.020161323,1.566010479,0.054156083,0.007054238,0,0,0,0,0.938789678,0.786807975,0.102487676,0.043790044,0.005703984,0.061210322,,,,,
EDC08,166,EDC08#2 18 EDC08#2big_bt-18 ,40.852,23.177,0.003,0.073,0,0.01,0.011,0.103,0.01,0.028,13.003,1.749,0.032,5.492,0.053,1.332,0.162,0.057,10.427,95.801,2.944898166,1.055101834,4,0.049607541,0.072236434,0,0.331091006,0.003236023,2.490678307,2.946849311,0.000231708,0.007966524,0.958892863,0,7.913940406,0.398740633,0.019792805,1.581466562,0.046914278,0.006236412,0,0,0,0,0.946849311,0.789699759,0.104976418,0.046051423,0.006121711,0.053150689,,,,,
EDC08,167,EDC08#2 19 EDC08#2big_bt-19 ,41.262,23.431,0.011,0,0,0,0.01,0.064,0,0.018,13.097,1.886,0.011,5.328,0.044,1.326,0.153,0.083,10.461,96.356,2.949969867,1.050030133,4,0.053506237,0.071319115,0,0.318560128,0.002664396,2.497247507,2.943297383,0.000842604,0.011504889,0.954100804,0,7.90974568,0.426434879,0.018539333,1.555025788,0.050287693,0.006414924,0,0,0,0,0.943297383,0.794725348,0.101378741,0.041854185,0.005339108,0.056702617,,,,,
EDC08,168,EDC08#2 20 EDC08#2big_bt-20 ,40.751,23.141,0.013,0.082,0,0.013,0,0.132,0,0,12.947,1.93,0,5.317,0.049,1.298,0.147,0.07,10.45,95.494,2.947615253,1.052384747,4,0.051310549,0.070632134,0,0.321631874,0.003001977,2.495273223,2.941849758,0.001007487,0.009816747,0.964278691,0,7.916952683,0.441502899,0.018021263,1.540475838,0.051510696,0.006639546,0,0,0,0,0.941849758,0.790605013,0.101906184,0.043705125,0.005633436,0.058150242,,,,,
EDC08,169,EDC08#2 21 EDC08#2big_bt-21 ,40.677,23.08,0.004,0.029,0,0,0,0.027,0,0,12.942,1.826,0,5.389,0.037,1.257,0.164,0.069,10.467,95.162,2.947285724,1.052714276,4,0.052438297,0.068517848,0,0.326543772,0.002270669,2.492944377,2.942714963,0.000310525,0.009693028,0.967496279,0,7.920214795,0.418425192,0.020139679,1.561435129,0.050650474,0.006634563,0,0,0,0,0.942714963,0.78959376,0.103426666,0.043939081,0.005755457,0.057285037,,,,,
EDC08,171,EDC08#2 23 EDC08#2-feathery_bt-23 ,40.694,23.042,0,0,0,0.022,0,0.081,0.004,0,12.935,1.817,0,5.345,0.063,1.33,0.159,0.081,10.492,95.264,2.94689992,1.05310008,4,0.050848787,0.072457236,0,0.323699935,0.003864153,2.487474502,2.938344612,0,0.011372529,0.96927507,0,7.918992211,0.416134439,0.019514953,1.564350608,0.05455592,0.007099469,0,0,0,0,0.938344612,0.786207689,0.102310748,0.044088811,0.005737363,0.061655388,,,,,
EDC08,173,EDC08#2 25 EDC08#2-feathery_bt-25 ,40.772,23.012,0.08,0.008,0,0,0,0.005,0,0.012,12.964,1.881,0,5.43,0.049,1.388,0.151,0.064,10.379,95.369,2.946608679,1.053391321,4,0.050806763,0.075464905,0,0.328186093,0.002999406,2.479238301,2.936695468,0.006194613,0.008967625,0.956906962,0,7.908764669,0.429925267,0.018495785,1.551578948,0.055904273,0.007400259,0,0,0,0,0.936695468,0.783031267,0.103652792,0.044165107,0.005846301,0.063304532,,,,,
EDC08,175,EDC08#2 27 EDC08#2-feathery_bt-27 ,41.314,23.136,0.015,0.033,0,0,0,0.034,0.023,0,13.265,1.862,0.111,5.468,0.046,1.286,0.146,0.07,10.478,96.47,2.953258689,1.046741311,4,0.070788245,0.069157666,0,0.326883235,0.0027851,2.465448754,2.935063,0.001148839,0.00970151,0.955512546,0,7.901425895,0.420947222,0.01768856,1.561364218,0.057335176,0.007601824,0,0,0,0,0.935063,0.787010585,0.104346345,0.038589637,0.005116434,0.064937,,,,,
EDC08,176,EDC08#2 28 EDC08#2-feathery_bt-28 ,40.813,23.051,0.001,0.101,0,0.043,0,0.051,0.001,0,12.94,1.813,0.056,5.331,0.042,1.328,0.15,0.081,10.426,95.431,2.951888796,1.048111204,4,0.054908495,0.072259452,0,0.322455695,0.002572939,2.485390897,2.937587478,7.75E-05,0.011358567,0.961995296,0,7.911018834,0.414708564,0.018387729,1.566903707,0.05524501,0.007167512,0,0,0,0,0.937587478,0.789985901,0.102493114,0.039928165,0.005180297,0.062412522,,,,,
EDC08,177,EDC08#2 29 EDC08#2-feathery_bt-29 ,40.874,23.144,0,0.014,0.018,0,0.023,0.1,0.016,0.004,13.013,1.7,0.041,5.454,0.054,1.316,0.147,0.072,10.545,95.786,2.94563333,1.05436667,4,0.050873073,0.071348122,0,0.3287052,0.003296128,2.486413897,2.940636421,0,0.010060072,0.969464439,0,7.920160931,0.387457607,0.017954952,1.594587441,0.052432037,0.006931542,0,0,0,0,0.940636421,0.785635706,0.103861446,0.045168032,0.005971237,0.059363579,,,,,
EDC08,178,EDC08#2 30 EDC08#2-feathery_bt-30 ,40.827,23.047,0,0.02,0,0,0.027,0.1,0.015,0.029,12.988,1.79,0,5.401,0.039,1.277,0.158,0.083,10.428,95.439,2.951187946,1.048812054,4,0.057656812,0.069444109,0,0.326500216,0.002387772,2.483517705,2.939506614,0,0.011632272,0.961621526,0,7.912760411,0.409209923,0.01935717,1.571432907,0.053464569,0.007028818,0,0,0,0,0.939506614,0.789813132,0.103834234,0.040530793,0.005328455,0.060493386,,,,,
EDC08,179,EDC08#2 31 EDC08#2-feathery_bt-31 ,41.049,23.232,0,0.014,0.037,0.045,0.006,0,0,0,12.981,1.841,0,5.243,0.054,1.296,0.162,0.076,10.545,95.769,2.953949728,1.046050272,4,0.054870807,0.070161786,0,0.31552972,0.003291342,2.4922441,2.936097755,0,0.010603547,0.968056838,0,7.914758139,0.418984573,0.01975836,1.561257066,0.056721091,0.007181155,0,0,0,0,0.936097755,0.792638473,0.100351725,0.03826325,0.004844306,0.063902245,,,,,
EDC08,341,EDC08 small bt matrix-49 ,40.357,22.187,0.004,0.02,0.043,0.062,0.053,0.125,0.02,0.031,12.92,1.762,0,6.134,0.064,1.799,0.15,0.054,10.532,95.541,2.934184737,1.065815263,4,0.041263732,0.098399945,0,0.37296858,0.00394119,2.404753809,2.921327255,0.000311596,0.007612011,0.976861928,0,7.90611279,0.405152207,0.018483968,1.576363825,0.068109248,0.010563497,0,0,0,0,0.921327255,0.745123856,0.115566003,0.05249553,0.008141866,0.078672745,,,,,
EDC08,342,EDC08 small bt matrix-50 ,40.553,22.914,0.023,0.002,0,0.012,0,0.002,0,0.001,12.873,1.816,0,5.276,0.049,1.483,0.167,0.065,10.573,95.006,2.943684681,1.056315319,4,0.044959193,0.080984996,0,0.320282333,0.003012612,2.479548845,2.928787978,0.001788792,0.009147843,0.979084751,0,7.918809365,0.416896136,0.020545662,1.562558202,0.063065833,0.008146188,0,0,0,0,0.928787978,0.776219079,0.100263908,0.046321643,0.005983348,0.071212022,,,,,
EDC08,343,EDC08 small bt matrix-51 ,39.732,21.819,0.004,0.111,0.012,0.068,0,0.098,0.017,0,12.802,1.946,0.042,6.609,0.08,1.609,0.148,0.038,10.544,94.827,2.925289528,1.074710472,4,0.036135312,0.089120905,0,0.406934094,0.004988813,2.394786113,2.931965236,0.000315538,0.005424367,0.990347436,0,7.928052577,0.453121836,0.01846824,1.528409924,0.058153097,0.009881667,0,0,0,0,0.931965236,0.737087979,0.125249694,0.059514551,0.010113012,0.068034764,,,,,
EDC08,344,EDC08 small bt matrix-52 ,40.08,21.835,0.008,0,0,0.041,0,0.046,0,0,12.883,1.949,0.004,6.353,0.062,1.664,0.162,0.054,10.555,94.838,2.936303375,1.063696625,4,0.048643842,0.091711046,0,0.38923507,0.003847191,2.384678668,2.918115816,0.000627953,0.007670153,0.986473001,0,7.912886923,0.451573842,0.020115165,1.528310994,0.07039421,0.011489974,0,0,0,0,0.918115816,0.73901112,0.120623818,0.050274853,0.008206026,0.081884184,,,,,
EDC017,238,EDC017 5 EDC017-cornflake-5 ,39.894,21.482,0,0.031,0,0,0,0.056,0.018,0,13.493,1.154,0,6.303,0.06,2.178,0.182,0.057,10.419,94.8,2.906848366,1.093151634,4,0.065547903,0.119389953,0,0.384080269,0.003702924,2.333420267,2.906141317,0,0.008052425,0.968488765,0,7.882682507,0.26592816,0.022476131,1.711595709,0.080593085,0.013265597,0,0,0,0,0.906141317,0.705592467,0.116140306,0.07247859,0.011929954,0.093858683,,,,,
EDC017,239,EDC017 6 EDC017-cornflake-6 ,39.976,21.578,0,0.05,0,0.036,0.029,0.105,0.04,0.062,13.489,1.216,0,6.096,0.05,2.064,0.163,0.075,10.421,94.901,2.91348604,1.08651396,4,0.07210566,0.113166637,0,0.371551021,0.003086472,2.344381324,2.904291114,0,0.010597707,0.968895091,0,7.883783912,0.280279224,0.020134302,1.699586474,0.082615506,0.01309338,0,0,0,0,0.904291114,0.713049178,0.11300813,0.06753109,0.010702715,0.095708886,,,,,
EDC017,240,EDC017 7 EDC017-big_bt-7 ,40.04,21.448,0.015,0,0.001,0.025,0,0.088,0,0.008,13.252,1.138,0.002,6.552,0.061,2.204,0.182,0.097,10.321,94.914,2.916408363,1.083591637,4,0.053991674,0.120770529,0,0.399105811,0.003763248,2.328866138,2.906497401,0.001170602,0.013698185,0.959024713,0,7.880390901,0.262144201,0.022467825,1.715387975,0.079823049,0.013679551,0,0,0,0,0.906497401,0.70918613,0.12153567,0.064689533,0.011086068,0.093502599,,,,,
EDC017,242,EDC017 9 EDC017-big_bt-9 ,40.234,21.567,0.052,0.007,0.003,0,0,0.108,0.026,0.029,13.367,1.235,0,6.385,0.069,2.302,0.189,0.066,10.435,95.511,2.913838284,1.086161716,4,0.054754361,0.125421695,0,0.386716793,0.004232531,2.328442035,2.899567414,0.004034961,0.0092673,0.964091916,0,7.87696159,0.282867412,0.023199008,1.69393358,0.086128094,0.014304492,0,0,0,0,0.899567414,0.704974251,0.117084891,0.066468863,0.01103941,0.100432586,,,,,
EDC017,243,EDC017 10 EDC017-big_bt-10 ,39.923,21.443,0.042,0.077,0.031,0.013,0,0.037,0,0,13.571,1.125,0.049,6.245,0.051,2.276,0.195,0.092,10.295,94.947,2.904557228,1.095442772,4,0.06819052,0.124573062,0,0.379969824,0.00314272,2.325657592,2.901533719,0.003273933,0.012977219,0.955513604,0,7.873298475,0.25885289,0.024045109,1.717102001,0.084637985,0.013828295,0,0,0,0,0.901533719,0.700964148,0.114524694,0.073961005,0.012083873,0.098466281,,,,,
EDC017,244,EDC017 11 EDC017-big_bt-11 ,40.159,21.639,0,0,0,0,0,0.054,0,0,13.53,1.201,0.068,6.396,0.059,2.144,0.188,0.073,10.489,95.452,2.908521413,1.091478587,4,0.063395643,0.116817866,0,0.387398314,0.003619263,2.336307599,2.907538686,0,0.0102506,0.969119239,0,7.886908525,0.275090827,0.023077172,1.701832001,0.07931035,0.013150964,0,0,0,0,0.907538686,0.707245385,0.117272944,0.0712122,0.011808157,0.092461314,,,,,
EDC017,256,EDC017 24 EDC017-big_bt-24 ,39.632,21.33,0.119,0,0,0.029,0.006,0.059,0.059,0,13.436,1.206,0,6.159,0.062,2.262,0.176,0.113,10.125,94.225,2.904098592,1.095901408,4,0.064432225,0.12469616,0,0.377429174,0.003848007,2.330020175,2.900425742,0.009342779,0.016053911,0.94648591,0,7.872308342,0.279483646,0.02185815,1.698658204,0.085693212,0.013881046,0,0,0,0,0.900425742,0.700588551,0.113485094,0.074314272,0.012037825,0.099574258,,,,,
EDC02,201,EDC02 5 EDC02-amph_btinc-5 ,38.778,18.867,0.104,0,0.006,0.035,0,0.112,0,0.004,12.097,2.126,0.052,12.425,0.039,0.702,0.316,0.077,10.164,94.938,2.937388386,1.062611614,4,0.017332214,0.04000444,0,0.787104256,0.002502185,2.130503616,2.97744671,0.008440595,0.011308467,0.982187444,0,7.979383216,0.509310879,0.040569385,1.450119736,0.016468925,0.006084365,0,0,0,0,0.97744671,0.669064537,0.247182657,0.044689278,0.016510238,0.02255329,,,,,
EDC02,210,EDC02 14 EDC02-big_bt-14 ,39.591,19.271,0,0,0,0.026,0.006,0.158,0,0,12.333,2.229,0,11.976,0.049,0.673,0.318,0.147,10.205,95.971,2.953868071,1.046131929,4,0.038321417,0.037775028,0,0.747250658,0.003096489,2.143395593,2.969839186,0,0.021264198,0.971317887,0,7.96242127,0.525954793,0.040212133,1.433833074,0.02236405,0.007796765,0,0,0,0,0.969839186,0.685954683,0.23914395,0.033174832,0.011565721,0.030160814,,,,,
EDC02,211,EDC02 15 EDC02-big_bt-15 ,39.453,19.159,0,0.125,0.034,0,0,0.175,0.074,0.024,12.542,2.246,0,12.231,0.054,0.722,0.326,0.14,10.352,96.637,2.937500914,1.062499086,4,0.038057287,0.040441782,0,0.761587558,0.003405419,2.126543517,2.970035563,0,0.020209848,0.983277261,0,7.973522672,0.528873073,0.041138736,1.429988191,0.022062946,0.007901491,0,0,0,0,0.970035563,0.669601983,0.239807243,0.044639436,0.0159869,0.029964437,,,,,
EDC02,212,EDC02 16 EDC02-big_bt-16 ,39.868,19.436,0.032,0.027,0,0,0.013,0.036,0,0,12.374,2.232,0,11.728,0.05,0.614,0.348,0.15,10.114,96.003,2.963354049,1.036645951,4,0.047322701,0.034333856,0,0.72902588,0.003147805,2.153621817,2.96745206,0.002548431,0.0216166,0.959037958,0,7.950655048,0.524683019,0.043840319,1.431476662,0.024316518,0.008231422,0,0,0,0,0.96745206,0.696294964,0.235703894,0.026487034,0.008966167,0.03254794,,,,,
EDC02,213,EDC02 17 EDC02-big_bt-17 ,39.12,19.405,0,0,0.027,0,0.006,0.044,0.051,0.015,12.427,2.37,0.02,11.411,0.026,0.6,0.343,0.141,10.267,95.198,2.941554815,1.058445185,4,0.042820017,0.033940987,0,0.71756575,0.001655885,2.175180022,2.971162661,0,0.020555794,0.98486208,0,7.976580534,0.563598945,0.043712696,1.392688359,0.021684036,0.007153303,0,0,0,0,0.971162661,0.687578872,0.226824007,0.042680122,0.014079659,0.028837339,,,,,
EDC02,214,EDC02 18 EDC02-big_bt-18 ,39.004,19.179,0.004,0.089,0,0,0.013,0.129,0.008,0,12.487,2.317,0.046,12.093,0.067,0.693,0.348,0.157,10.259,95.838,2.926892919,1.073107081,4,0.031234225,0.039122449,0,0.758912376,0.004258447,2.145493012,2.97902051,0.000321604,0.022842013,0.982101717,0,7.984285844,0.549879395,0.044260091,1.405860515,0.015497613,0.005481878,0,0,0,0,0.97902051,0.670333965,0.237113213,0.052871436,0.018701896,0.02097949,,,,,
EDC024,317,EDC024 3 EDC024-big_biotite-3 ,40.512,22.077,0,0.016,0.033,0.029,0.019,0.126,0,0.007,12.049,2.994,0,7.849,0.071,0.766,0.166,0.095,10.539,96.05,2.974312046,1.025687954,4,0.016872793,0.042308412,0,0.481922354,0.004415094,2.416275013,2.961793666,0,0.013522702,0.987088302,0,7.96240467,0.695181759,0.020656004,1.284162237,0.031853252,0.006353082,0,0,0,0,0.961793666,0.781265039,0.155822116,0.020598226,0.004108285,0.038206334,,,,,
EDC024,318,EDC024 4 EDC024-big_biotite-4 ,40.405,21.986,0.016,0.104,0,0,0.006,0.071,0,0,12.049,3.145,0,7.873,0.066,0.777,0.154,0.111,10.477,95.881,2.97288844,1.02711156,4,0.017709756,0.043009029,0,0.484444075,0.004113071,2.411532859,2.960808789,0.001261326,0.01583447,0.983409047,0,7.961313632,0.731826071,0.019204349,1.24896958,0.032635236,0.006555974,0,0,0,0,0.960808789,0.77839152,0.156368245,0.021691499,0.004357526,0.039191211,,,,,
EDC024,319,EDC024 5 EDC024-big_biotite-5 ,40.764,22.46,0.001,0,0.041,0,0.004,0.046,0,0.016,12.171,3.303,0.042,7.558,0.059,0.742,0.171,0.067,10.525,96.54,2.973641199,1.026358801,4,0.020011858,0.040720283,0,0.461082411,0.003645378,2.44244607,2.967906001,7.82E-05,0.009475969,0.97946209,0,7.956922218,0.762015968,0.021141863,1.21684217,0.026997449,0.00509655,0,0,0,0,0.967906001,0.792740447,0.149652712,0.021461384,0.004051458,0.032093999,,,,,
EDC024,323,EDC024 9 EDC024-vein_bt-9 ,40.58,22.417,0,0,0.037,0.001,0,0,0,0.039,12.09,3.249,0.096,7.448,0.069,0.778,0.173,0.113,10.578,96.261,2.970607061,1.029392939,4,0.013661524,0.042845763,0,0.455966284,0.0042782,2.446324795,2.963076566,0,0.016037942,0.987848816,0,7.966963324,0.752188351,0.021464197,1.226347452,0.031122555,0.00580088,0,0,0,0,0.963076566,0.787911451,0.146857464,0.023860359,0.004447291,0.036923434,,,,,
EDC024,324,EDC024 10 EDC024-vein_bt-10 ,39.928,21.836,0.07,0,0,0,0.015,0.163,0,0.022,11.834,3.097,0.024,7.474,0.076,0.671,0.143,0.071,10.404,94.492,2.979037106,1.020962894,4,0.019621814,0.037663094,0,0.466349317,0.004802758,2.428705747,2.95714273,0.005595774,0.010270551,0.990267335,0,7.96327639,0.730774336,0.01808297,1.251142694,0.035953616,0.006903654,0,0,0,0,0.95714273,0.786129202,0.150949046,0.016832399,0.003232083,0.04285727,,,,,
EDC024,325,EDC024 11 EDC024-vein_bt-11 ,41.171,22.731,0,0,0,0.045,0,0.156,0.053,0.037,12.262,3.133,0,7.302,0.067,0.744,0.155,0.099,10.607,97.208,2.978506016,1.021493984,4,0.023986419,0.040492549,0,0.441782787,0.004105449,2.451484022,2.961851226,0,0.013886068,0.978933948,0,7.954671242,0.716821771,0.019005274,1.264172956,0.032323708,0.005825067,0,0,0,0,0.961851226,0.797465649,0.143711562,0.017517229,0.003156786,0.038148774,,,,,
EDC024,329,EDC024 15 EDC024-beingreplaced-15 ,40.291,22.073,0.015,0,0,0,0.063,0.068,0.031,0.023,12.077,3.145,0,7.956,0.076,0.725,0.155,0.094,10.543,95.976,2.964988834,1.035011166,4,0.012410615,0.040137298,0,0.489631879,0.004737044,2.421474155,2.968390992,0.001182688,0.013411579,0.989767016,0,7.972752274,0.731946589,0.019332236,1.248721175,0.026292548,0.00531646,0,0,0,0,0.968390992,0.777311052,0.157175442,0.028201949,0.005702548,0.031609008,,,,,